{
    "loss": 0.17099280655384064,
    "accuracy": 0.8985507488250732
}
